Reservoir,GRanD,Impoundment year,Longitude,Latitude,Climate,area_km2,Littoral_frac,riv_area,catch_area,z_max,z_mean,thermo_d,discharge,wrt_yrs,TP,trophic_status,Soil_C,Cum_radiance,effective_temp_ch4,effective_temp_co2,References,year,period_of_sample,bubble_correct_mgC_m2_d
Alamo,10000,1968,-113.6,34.23,Subtropical,10.4,12.8,10.56,11978,24,11.8,3.3,,,,,1.9,65,24.2,24.1,Therrien et al 2005,2003,4,
Allatoona Lake Dam and Powerhouse,1862,1949,-84.73,34.17,Temperate,49,23.46,3.56,2698,44.2,9.2,3.9,54.1,0.2642,63.8,Hyper-eutrophe,8.4,50.3,18.4,18.3,Bevelhimer et al 2016,2012,9,4.884
Alouette,35,1928,-122.48,49.29,Temperate,16,1.84,4.05,202,125.5,71,6.2,7.7,4.706,5.6,Mesotrophe,23.2,62.2,11.3,11.3,Tremblay et al 2005,2002,7,
Ângerman,10001,,17.94,62.8,Boreal,67.7,,2.88,1543,,,12.8,9.8,,,,19,31.3,8.9,8.9,Bergstrom et al 2004,2000,8,
Arivaca,10002,1970,-111.26,31.53,Subtropical,0.4,43.51,5.77,35,7.6,3.6,1.8,,,,,3.7,64.9,19.2,19.1,Therrien et al 2005,2003,4,
Augusta,10003,1953,146.55,-41.87,Temperate,11,,2.74,224,440.7,,,5.6,,,,19.3,67.3,6.6,6.6,Bastien and Demarty 2013,2008,4,
Baihua,5630,1960,106.54,26.69,Temperate,14.5,17.28,6.4,1303,45,12,2.7,30.5,0.1807,93.6,Hyper-eutrophe,8.8,36.5,18.3,18.2,Wang et al 2011,2007,year,
Baker Dam,10004,1950,-113.64,37.38,Subtropical,0.3,22.72,9.46,240,16.7,7.3,1.9,,,,,5.6,60.5,15.1,15,Therrien et al 2005,2003,4,
Balbina,2363,1987,-59.48,-1.91,Tropical,1960,27.51,1.12,18826,30,7.4,33,760.8,0.6045,2.9,Oligotrophe,10,57.7,27.3,27.3,Guerin et al 2006,2004,11,5.485
Balbina,2363,1987,-59.48,-1.91,Tropical,1770,27.51,1.24,18826,30,7.4,33,760.8,0.5459,2.9,Oligotrophe,10,57.7,27.3,27.3,Demarty and Bastien 2011,2003,year,
Balbina,2363,1987,-59.48,-1.91,Tropical,1770,27.51,1.24,18826,30,7.4,33,760.8,0.5459,2.9,Oligotrophe,10,57.7,27.3,27.3,Yang et al 2014,2005,year,
Balbina,2363,1987,-59.48,-1.91,Tropical,1770,27.51,1.24,18826,30,7.4,33,760.8,0.5459,2.9,Oligotrophe,10,57.7,27.3,27.3,Kemenes et al 2007,2005,year,
Baroon Pocket,6710,1989,152.87,-26.7,Temperate,4,4.04,1.9,66,18.5,15,4.9,1.7,1.1463,10.5,Mesotrophe,10.4,61.8,19.9,19.9,Musenze et al 2014,2011,year,
Barra Bonita,2402,1964,-48.53,-22.52,Temperate,228.3,14.79,3.79,32652,25,11.1,14.5,420.8,0.191,352.4,Hyper-eutrophe,8.2,60.5,21.5,21.5,Demarty and Bastien 2011,1999,year,
Barra Bonita,2402,1964,-48.53,-22.52,Temperate,228.3,14.79,3.79,32652,25,11.1,14.5,420.8,0.191,352.4,Hyper-eutrophe,8.2,60.5,21.5,21.5,Rosa et al 2002,1995,year,2.97
Barra Bonita,2402,1964,-48.53,-22.52,Temperate,312,14.79,2.77,32652,25,11.1,15.7,420.8,0.261,335.1,Hyper-eutrophe,8.2,60.5,21.5,21.5,Rosa et al 2004,1998,year,
Barra Bonita,2402,1964,-48.53,-22.52,Temperate,312,14.79,2.77,32652,25,11.1,15.7,420.8,0.261,335.1,Hyper-eutrophe,8.2,60.5,21.5,21.5,Santos et al 2006,1998,year,3.1
Bartlett,644,1938,-111.63,33.82,Subtropical,8.2,5.37,11.73,16024,52.1,27,3.1,,,,,3.6,63.8,23.6,23.5,Therrien et al 2005,2003,4,
Bay d'Espoir,2359,1967,-55.96,47.92,Temperate,130,1.29,1.73,2423,40,34.3,2.7,65.9,2.1463,5.9,Oligotrophe,17.6,35,8.7,8.7,Tremblay et al 2005,2003,7,
Beauharnois,10005,1933,-74.16,45.23,Temperate,233,,5.76,784293,29,,9.6,7086.2,,,,20.2,39.9,12.6,12.5,Tremblay et al 2008,2003,year,
Bersimis,2012,1956,-69.77,49.36,Boreal,802,77.41,2.18,13623,61,2,22,274,0.1856,8.8,Oligotrophe,18.6,27,8.7,8.6,Tremblay et al 2008,2002,year,
Bersimis,2012,1959,-69.77,49.36,Boreal,798,77.41,2.19,13623,61,2,22,274,0.1847,8.8,Oligotrophe,18.6,27,8.7,8.6,Tremblay et al 2005,2002,ice free,
Bersimis 2,2015,1959,-69.32,49.26,Boreal,42,3.33,9.11,16434,83,43.2,9.5,331.2,0.1737,9.1,Oligotrophe,17.7,32.2,9.4,9.3,Tremblay et al 2008,2002,year,
Bianco,10006,1912,10.02,46.4,Boreal,2,14.98,2,11,53,14,53,0.2,4.4692,15.9,Mesotrophe,17.6,31,5.3,5.3,Diem et al 2008,2004,9,
Bill Evans,10007,1968,-108.58,32.87,Subtropical,0.5,,1.17,1,,,2,,,,,3.7,63.7,17,16.9,Therrien et al 2005,2003,4,
Bor Jordanelle,467,1993,-111.42,40.6,Temperate,13.4,5.67,3.44,646,89,32.9,0.9,4.4,3.1774,21.6,Mesotrophe,9.8,57.6,11.1,11,Therrien et al 2005,2003,4,
Borumba,6709,1964,152.58,-26.51,Temperate,5,25.44,2.57,191,43,8.5,4.9,2.1,0.6364,16.6,Mesotrophe,9.6,61.8,20.5,20.5,Hall et al 2009,2009,year,
Brantley,1202,1980,-104.38,32.55,Subtropical,16,5.6,7.21,59306,44,24.2,0.6,,,,,3.9,63.5,19.7,19.6,Therrien et al 2005,2003,4,
Bunch,10008,1929,-109.45,34.04,Temperate,0.1,,7.32,2,,3,2,,,,,8.4,46.7,9.9,9.9,Therrien et al 2005,2003,4,
Buntzen,10009,1914,-122.87,49.34,Temperate,1.8,5.36,2.63,18,65,30,3.6,0.5,3.6629,12.1,Mesotrophe,20.7,62.8,11.3,11.3,Tremblay et al 2005,2002,7,
Caballo,664,1941,-107.3,32.9,Subtropical,45,4.34,7.28,87570,7.6,7,5.8,,,,,2.6,62.9,18.9,18.8,Therrien et al 2005,2003,4,
Cabonga,1414,1928,-76.47,47.3,Temperate,434,61.45,0.95,2219,33,3,15.6,38.3,1.0789,5.8,Oligotrophe,18,33,9.7,9.7,Barros et al 2001,2000,ice free,
Cabonga,1414,1928,-76.47,47.3,Temperate,434,61.45,0.95,2219,33,3,15.6,38.3,1.0789,5.8,Oligotrophe,18,33,9.7,9.7,Tremblay et al 2005,1996,ice free,
Caniapiscau Barrage,1995,1984,-69.78,54.85,Boreal,4318,11.51,0.95,39121,50,16.8,56.2,824.2,2.7908,5,Oligotrophe,20.9,22,6.4,6.4,Tremblay et al 2005,2003,ice free,
Cat Arm Dam West,2349,1985,-56.92,50.08,Boreal,43,2.9,2.4,637,23.3,19.2,2.3,13.6,1.9202,10.1,Mesotrophe,18.4,27,7.6,7.6,Tremblay et al 2005,2003,7,
Chaffey,6737,1979,151.13,-31.35,Temperate,5.4,15.21,3.22,409,28,11.4,4.5,,,,,7.6,62.5,17,16.9,Sherman et al 2001,1997,4,
Chaffey,6737,1979,151.13,-31.35,Temperate,5.4,15.21,3.22,409,28,11.4,4.5,,,,,7.6,62.5,17,16.9,Hall et al 2009,2001,year,
Chembarambakkam Lake,10054,500,80.08,13.02,Tropical,28.3,,0.95,227,273,,5,1.3,,,,6.2,62.8,29.1,29,Nirmal Rajkumar et al 2008,2004,year,
Chippewa Reservoir,830,1923,-90.98,46.2,Temperate,61,100,0.04,12,3,2,9.1,0.1,27.7665,3.3,Oligotrophe,13.2,35.8,10.9,10.8,St-Louis et al 2000,1995,ice free,
Churchill Falls,2000,1974,-65.05,53.79,Boreal,6988,25.04,0.87,39692,16,6.7,60.2,713.2,2.0818,7.4,Oligotrophe,18.1,21.7,6.5,6.5,Bastien et al 2009,2006,8,
Clark,6692,1949,146.26,-42.27,Temperate,41,13.25,1.25,586,29,12.6,67,12.8,1.2762,4.6,Oligotrophe,19.2,65.4,8.3,8.3,Bastien and Demarty 2013,2006,3,
Clark,6692,1949,146.26,-42.27,Temperate,41,13.25,1.25,586,29,12.6,67,12.8,1.2762,4.6,Oligotrophe,19.2,65.4,8.3,8.3,Bastien and Demarty 2013,2008,4,
Cochiti,613,1975,-106.32,35.62,Temperate,6.5,,14.57,37152,77,207.1,3.6,,,,,3.7,59.5,16.1,16,Therrien et al 2005,2003,4,
Conchas Dam,1070,1935,-104.19,35.4,Subtropical,38.9,39.57,6.09,18974,24.5,5,5.7,,,,,3.5,62.4,17.8,17.7,Therrien et al 2005,2003,4,
Corra-Linn,279,1992,-117.47,49.47,Boreal,389,1.19,4.32,46552,150,94.3,14,776.2,1.4985,10.7,Mesotrophe,14.3,47.3,11.1,11.1,Tremblay et al 2005,2002,7,
Corumba,2374,1987,-48.53,-17.99,Tropical,48.4,5.6,10.18,27669,40,23,14.8,575.1,0.0614,47.9,Eutrophe,6.7,63.9,24.5,24.4,Sikar et al 2009,2004,year,
Corumba,2374,1998,-48.53,-17.99,Tropical,55,9.78,8.96,27669,82,21.8,15.2,575.1,0.0661,47.5,Eutrophe,6.7,63.9,24.5,24.4,Ometto et al 2012,2004,year,
Corumba,2374,1997,-48.53,-17.99,Tropical,65,5.6,7.58,27669,40,23,15.9,575.1,0.0824,46.4,Eutrophe,6.7,63.9,24.5,24.4,Bergier et al 2011,2005,year,9.177
Corumba,2374,1997,-48.53,-17.99,Tropical,65,5.6,7.58,27669,40,23,15.9,575.1,0.0824,46.4,Eutrophe,6.7,63.9,24.5,24.4,Matvienko et al,2004,year,
Cotter,10010,1912,148.94,-35.32,Temperate,2.9,,3.51,478,80,,4.6,5,,,,8.1,57.6,14.7,14.7,,2011,year,
Curua Una,2364,1977,-54.3,-2.82,Tropical,72,26.29,8.92,16530,19.5,6.9,,518.2,0.0304,8.6,Mesotrophe,5.9,59.4,25.8,25.8,St-Louis et al 2000,1998,year,
Curua Una,2364,1977,-54.3,-2.82,Tropical,72,26.29,8.92,16530,19.5,6.9,,518.2,0.0304,8.6,Mesotrophe,5.9,59.4,25.8,25.8,Duchemin 2000 (Thesis UQAM),1997,year,
Daniel Johnson,2005,1964,-68.73,50.65,Boreal,2000,3.49,1.16,29424,214,60.8,33.5,547.4,7.0438,4.6,Oligotrophe,17.5,26.3,7.6,7.6,Tadonleke et al 2011,2002,ice free,
Daniel Johnson,2005,1964,-68.73,50.65,Boreal,2000,3.49,1.16,29424,214,60.8,33.5,547.4,7.0438,4.6,Oligotrophe,17.5,26.3,7.6,7.6,Tremblay et al 2005,1999,ice free,
Dartmouth,6637,1979,147.53,-36.56,Temperate,64,0.94,2.75,3577,151,102.7,11.1,60.8,3.4271,7.2,Oligotrophe,11.5,54.6,14.3,14.3,Sherman et al 2001,1997,4,
Day Lake,10011,1971,-90.91,46.19,Temperate,2,75,3.65,47,6,2,4,0.5,0.2356,13.9,Mesotrophe,14.1,35.8,11,10.9,St-Louis et al 2000,1995,ice free,
Deer Creek,477,1941,-111.53,40.41,Temperate,12,11.62,4.33,1423,42,15.8,0.7,9.7,0.6192,45.4,Eutrophe,8.8,55.9,12.8,12.7,Therrien et al 2005,2003,4,
Derwent bridge,10012,1916,146.23,-42.13,Temperate,0.2,,52.91,277,,0.2,,6.7,0.0002,8.9,Oligotrophe,17.7,65.4,8.3,8.3,Bastien and Demarty 2013,2006,3,
Dillon,509,1963,-106.06,39.62,Boreal,13,7.36,3.22,843,60,24.1,1.6,8.8,1.1291,32.8,Eutrophe,11.7,30.9,7.4,7.4,Smith and Lewis 1992,1989,ice free,
Douglas,1781,1944,-83.53,35.96,Temperate,43,,9.9,11773,14,41.4,4.1,148.5,0.3801,48.5,Eutrophe,7.7,47.8,16.9,16.8,Bevelhimer et al 2016,2012,9,0
Douglas,460,1943,-83.53,35.96,Subtropical,115,2.58,0.05,115,39,29.4,1.5,,,,,5.7,39.6,13,12.9,Mosher et al 2015,2010,year,
Duncan,268,1965,-116.95,50.25,Boreal,56,2.17,3.06,2442,39,30.6,9.6,101,0.538,6.6,Oligotrophe,14.7,46.4,10.2,10.1,Tremblay et al 2005,2002,7,
Dworshak Dam,338,1973,-116.3,46.52,Temperate,37,1.07,18.29,6325,198,116.2,6.4,136,1.0021,6.1,Oligotrophe,12.7,56.4,13.1,13,Soumis et al 2004,2001,9,
Eastmain-1,10013,2005,-76.13,52.14,Boreal,602.9,16.07,3.01,28455,28,11,24.5,639.2,0.329,8.2,Oligotrophe,22.4,27.1,7.6,7.5,Teodoru et al 2012,2007,ice free,
Eastmain-1,10013,2005,-76.13,52.14,Boreal,602.9,16.07,3.01,28455,28,11,24.5,639.2,0.329,8.2,Oligotrophe,22.4,27.1,7.6,7.5,Teodoru et al 2012,2008,ice free,0.105
Eastmain-1,10013,2005,-76.13,52.14,Boreal,602.9,16.07,3.01,28455,28,11,24.5,639.2,0.329,8.2,Oligotrophe,22.4,27.1,7.6,7.5,Teodoru et al 2012,2006,ice free,
Eastmain-1,10013,2005,-76.13,52.14,Boreal,602.9,16.07,3.01,28455,28,11,24.5,639.2,0.329,8.2,Oligotrophe,22.4,27.1,7.6,7.5,Teodoru et al 2012,2009,ice free,
Eastmain-1,10013,2005,-76.13,52.14,Boreal,603,16.07,3.01,28455,28,11,24.5,639.2,0.329,8.2,Oligotrophe,22.4,27.1,7.6,7.5,Tremblay et al 2009,2007,ice free,
Eastmain-1,10013,2005,-76.13,52.14,Boreal,603,16.07,3.01,28455,28,11,24.5,639.2,0.329,8.2,Oligotrophe,22.4,27.1,7.6,7.5,Tremblay et al 2008,2006,year,
Elephant Butte Dike,657,1916,-107.19,33.16,Subtropical,161.9,2.57,5.34,89914,18,15.8,7.8,,,,,2.5,62.9,18.7,18.6,Therrien et al 2005,2003,4,
EOL,10014,1979,-76.81,53.28,Boreal,1040,,0.8,9316,,20,4.3,142.5,4.628,6.8,Oligotrophe,24.9,27.3,7.1,7,Tremblay et al 2005,2003,ice free,
Estreito,2387,1969,-47.28,-20.15,Tropical,52.6,5.65,11.37,60897,92,33.4,17.5,986.1,0.0565,34.1,Eutrophe,7.3,61.9,22.1,22.1,Sikar et al 2009,2006,year,
Estreito,2387,1969,-47.28,-20.15,Tropical,45,13.89,13.28,60897,55,15,16.9,986.1,0.0217,36.8,Eutrophe,7.3,61.9,22.1,22.1,Roland et al 2010,2006,8,
Estreito,2387,1969,-47.28,-20.15,Tropical,45,6.83,13.28,60897,87.5,28.9,16.9,986.1,0.0418,35.1,Eutrophe,7.3,61.9,22.1,22.1,Ometto et al 2012,2005,year,
Estreito,2387,1969,-47.28,-20.15,Tropical,45,86.48,13.28,60897,40,1.5,16.9,986.1,0.0022,40.4,Eutrophe,7.3,61.9,22.1,22.1,Matvienko et al,2004,year,
Exploits,2352,1909,-56.6,48.76,Temperate,184,16.05,4.21,5855,11,7.1,2.8,164.4,0.252,11.6,Mesotrophe,15.1,35.1,8.5,8.5,Tremblay et al 2005,2003,7,
Follsjo,3074,1968,9.12,62.97,Boreal,5.3,4.85,4.21,319,76,34,2.7,11,0.5204,10.8,Mesotrophe,19,29.2,6.9,6.8,Harby et al 2012,2005,year,
Fontana,1801,1943,-83.81,35.45,Temperate,115,21.38,2.45,4066,146,11.6,5.7,103.7,0.4079,11.5,Mesotrophe,11,49.2,15.8,15.7,Bevelhimer et al 2016,2012,9,0
Fort Randall,2356,1985,-56.78,48.17,Temperate,328,3.05,0.71,911,20,16.8,3.4,25.4,6.8668,2.7,Oligotrophe,18.3,35,8.5,8.4,Tremblay et al 2005,2003,7,
Fortuna,1974,1984,-82.22,8.73,Tropical,10,,1.66,155,,17,,14.8,0.3643,2.3,Oligotrophe,17.9,54.6,21.1,21.1,Barros et al 2001,2004,year,
Funil,2396,1969,-45.04,-21.14,Temperate,27,8.48,6.52,14858,45,19.7,17.7,258.3,0.0653,28.6,Eutrophe,7.4,61.3,20.7,20.7,Roland et al 2010,2007,8,
Funil,2396,1969,-45.04,-21.14,Temperate,27,8.48,6.52,14858,45,19.7,17.7,258.3,0.0653,28.6,Eutrophe,7.4,61.3,20.7,20.7,Ometto et al 2012,2005,year,
Funil,2396,1969,-45.04,-21.14,Temperate,40,9.32,4.4,14858,74,22,19.6,258.3,0.108,27,Eutrophe,7.4,61.3,20.7,20.7,Pacheco et al 2015,2012,year,
Funil,2396,1969,-45.04,-21.14,Temperate,40,9.11,4.4,14858,70,22,19.6,258.3,0.108,27,Eutrophe,7.4,61.3,20.7,20.7,Hallqvist et al 2012,2008,1,
Funil,2396,1969,-45.04,-21.14,Temperate,40,9.11,4.4,14858,70,22,19.6,258.3,0.108,27,Eutrophe,7.4,61.3,20.7,20.7,Matvienko et al,2004,year,
Furnas,2392,1963,-46.31,-20.67,Temperate,896.7,15.12,2.63,51782,89,15.4,23.1,860.8,0.5087,24.3,Eutrophe,7.3,61.3,21,21,Sikar et al 2009,2006,year,
Furnas,2392,1963,-46.31,-20.67,Temperate,1327,15.12,1.78,51782,89,15.4,25.5,860.8,0.7528,22.3,Eutrophe,7.3,61.3,21,21,Ometto et al 2012,2005,year,
Furnas,2392,1963,-46.31,-20.67,Temperate,1342,15.12,1.76,51782,89,15.4,25.6,860.8,0.7614,22.2,Eutrophe,7.3,61.3,21,21,Roland et al 2010,2006,8,
Furnas,2392,1963,-46.31,-20.67,Temperate,1317,15.12,1.79,51782,89,15.4,25.5,860.8,0.7472,22.3,Eutrophe,7.3,61.3,21,21,Matvienko et al,2004,year,
Glen Canyon,597,1963,-111.49,36.94,Subtropical,658,6,1.94,279410,170,38,9.8,,,,,1.9,60.4,20.2,20,Therrien et al 2005,2003,4,
Glen Canyon,597,1963,-111.49,36.94,Subtropical,658,5.4,1.94,279410,150,40,9.8,,,,,1.9,60.4,20.2,20,Therrien et al 2005,2003,4,
Glennies Creek,6741,1983,151.25,-32.35,Temperate,15.4,3.93,1.63,225,56,32.4,0.9,,,,,7.7,59.2,18.3,18.3,Bastien and Demarty 2013,2006,3,
Gold Creek,10059,1882,152.88,-27.46,Temperate,0.2,39.77,5.14,11,11.8,4.3,2.1,0.1,0.3411,147.2,Hyper-eutrophe,10.8,61.8,20.3,20.3,Sturm et al 2014,2013,year,
Gordon,6698,1974,145.98,-42.73,Temperate,268,3.28,0.86,1290,56.3,35,140,19.6,15.1731,2.7,Oligotrophe,22.1,59.3,10.6,10.6,Bastien and Demarty 2013,2008,4,
Gordon,6698,1974,145.98,-42.73,Temperate,268,6.29,0.86,1290,140,35,140,19.6,15.1731,2.7,Oligotrophe,22.1,59.3,10.6,10.6,Bastien and Demarty 2013,2006,3,
Gouin,2023,1964,-74.1,48.36,Boreal,1789,42.59,0.92,8652,47.9,5,25.1,167,1.6985,5.1,Oligotrophe,17.1,32.3,9,9,Tremblay et al 2005,1999,ice free,
Grand Coulee,310,1942,-118.98,47.95,Boreal,306,5.37,11.56,194557,122,37.9,10.3,3319.8,0.1108,20.7,Mesotrophe,9.6,56,13.3,13.2,Soumis et al 2004,2001,9,
Grand Rapids,712,1968,0.29,53.16,Boreal,3277,33.33,2.07,410839,6.4,3.9,23.9,,,,,23.9,35.2,10,10,Demarty et al 2009,2007,year,
Grande Dixence,3371,1961,7.4,46.08,Boreal,4,1.89,1.79,44,227,93.3,285,1.1,11.2471,8.3,Mesotrophe,18.9,31.1,5.2,5.2,Diem et al 2008,2003,9,
Granite,2358,1970,-57.31,48.11,Temperate,80,11.78,2.48,502,30,13.7,2.8,14.5,2.3934,5.3,Oligotrophe,18.6,35.3,7.9,7.9,Tremblay et al 2005,2003,7,
Great Falls,716,1928,-96,50.46,Temperate,10,39.54,15.05,134940,23,5,5.8,866.3,0.0018,38,Eutrophe,23.5,34.9,11.2,11.1,Tremblay et al 2005,2002,7,
Gunlock,582,1970,-113.78,37.25,Subtropical,1.1,4,7.68,800,35.1,24.1,0.3,,,,,3.4,60.5,18.3,18.2,Therrien et al 2005,2003,4,
Guntersville,1847,1939,-86.39,34.42,Temperate,279,44.82,3.71,63341,29,4.5,6.7,1307.7,0.0304,43.5,Eutrophe,8.1,49.7,18.7,18.6,Bevelhimer et al 2016,2012,9,3.31
Hartwell Dam,1851,1962,-82.82,34.36,Temperate,226,15.36,2.75,5442,56,13.9,5.7,93,1.0707,27.9,Eutrophe,8.8,50.9,18.8,18.7,Bevelhimer et al 2016,2012,9,0.05
Hinds Lake Main Dam,2351,1980,-57.14,49.04,Temperate,21,38.29,5.45,490,24,5.2,1.6,12.6,0.2757,14.8,Mesotrophe,17.4,35.1,8.3,8.3,Tremblay et al 2005,2003,7,
Hongfeng,5637,1958,118.48,32.41,Temperate,57.2,8.26,0.11,31,45,20,4.7,,,,,8.1,46.6,19.8,19.7,Wang et al 2011,2007,year,
Hongyan,5623,1971,106.51,29.59,Temperate,0.1,4.11,74.37,2693,60,33,0.9,69.8,0.0012,141,Hyper-eutrophe,10.1,36.6,21.8,21.7,Wang et al 2011,2007,year,
Hoover,610,1935,-114.73,36.02,Subtropical,640,3.9,6.33,431032,149,50.4,1.2,,,,,1.6,61.3,25.2,25.1,Therrien et al 2005,2003,4,
Horse Mesa,650,1927,-111.34,33.59,Subtropical,10.4,5.8,20.57,15295,73,30.1,3.2,,,,,5.2,62.5,23.7,23.6,Therrien et al 2005,2003,4,
Horseshoe,640,1945,-111.71,33.99,Subtropical,11,11.77,3.91,15538,23.5,12.3,3.4,,,,,8.7,63.8,23,22.9,Therrien et al 2005,2003,4,
Hugh Keenleyside,282,1968,-117.78,49.34,Boreal,520,2.04,3.41,36605,150,74.2,14.7,1183.9,1.0334,6.6,Oligotrophe,,46.4,11.2,11.2,St-Louis et al 2000,1990,year,
Hugh Keenleyside,282,1969,-117.78,49.34,Boreal,520,2.04,3.41,36605,150,74.2,14.7,1183.9,1.0334,6.6,Oligotrophe,,46.4,11.2,11.2,Tremblay et al 2005,2002,7,
Hugh Keenleyside,282,1969,-117.78,49.34,Boreal,520,2.04,3.41,36605,150,74.2,14.7,1183.9,1.0334,6.6,Oligotrophe,,46.4,11.2,11.2,Tremblay et al 2005,2002,7,
Hugh Keenleyside,282,1969,-117.78,49.34,Boreal,520,2.04,3.41,36605,150,74.2,14.7,1183.9,1.0334,6.6,Oligotrophe,,46.4,11.2,11.2,Tremblay et al 2005,2002,7,
Huntingdon,10015,1966,-111.26,39.59,Temperate,0.5,29.74,5.24,8,27.9,6.8,4.9,,,,,14.1,32.5,7.8,7.8,Therrien et al 2005,2003,4,
Indal,10016,1936,16.79,62.69,Boreal,22.1,,47.89,26581,18,,10.4,286.4,,,,17.2,30.8,8.7,8.6,Bergstrom et al 2004,2000,8,
Isle Maligne Spillway 1,2021,1956,-71.64,48.58,Temperate,1053,20.01,1.74,72782,63,11.3,19.2,1413.3,0.267,10.5,Mesotrophe,17,32,10.2,10.1,Tremblay et al 2005,2003,ice free,
Itaipu,2432,1984,-54.6,-25.4,Temperate,1098.2,1.03,5.81,814655,142.2,95.6,20.6,9242,0.3602,41.9,Eutrophe,10.3,58,21.7,21.7,Rosa et al 2002,1995,year,0.375
Itaipu,2432,1984,-54.6,-25.4,Temperate,1350,1.03,4.73,814655,142.2,95.6,21.7,9242,0.4428,40.3,Eutrophe,10.3,58,21.7,21.7,Santos et al 2006,1998,year,0.6
Itumbiara,2376,1980,-49.1,-18.41,Tropical,349.4,5.48,4.87,94541,78,32,20.7,1923.5,0.1843,24,Eutrophe,6.9,63.8,24.4,24.4,Sikar et al 2009,2005,year,
Itumbiara,2376,1981,-49.1,-18.41,Tropical,719,6.27,2.37,94541,100,32,24.8,1923.5,0.3793,21.2,Eutrophe,6.9,63.8,24.4,24.4,Ometto et al 2012,2005,year,
Itumbiara,2376,1981,-49.1,-18.41,Tropical,710,5.48,2.4,94541,78,32,24.7,1923.5,0.3745,21.2,Eutrophe,6.9,63.8,24.4,24.4,Matvienko et al,2004,year,
Jenpeg,709,1979,-98.02,54.54,Boreal,254.1,90.07,16.64,1257097,217.9,1.3,13.4,,,,,23.4,29.2,9.7,9.6,Demarty et al 2009,2007,year,
Kariba,4056,1959,28.76,-16.52,Subtropical,5400,7.57,2.16,676553,160,31,4,4638.4,1.1444,38.3,Eutrophe,5,69,25.4,25.4,Delsontro et al 2011,2009,6,330.909
Kettle Rapids Main Dam,705,1973,-94.64,56.38,Boreal,319,27.06,14.23,1097737,46,8.1,19.7,,,,,25.9,24,7.7,7.6,Demarty et al 2009,2004,year,
Koombooloomba,6580,1961,145.6,-17.83,Temperate,16,7.48,1.71,158,18.6,12.9,1.7,6.5,1.0111,3,Oligotrophe,10.2,63.6,21,21,Bastien and Demarty 2013,2008,4,5.258
Koombooloomba,6580,1961,145.6,-17.83,Temperate,16,7.48,1.71,158,18.6,12.9,1.7,6.5,1.0111,3,Oligotrophe,10.2,63.6,21,21,Bastien and Demarty 2013,2008,4,
La Grande 1,1395,1979,-78.57,53.74,Boreal,70,10.78,40.34,96759,35,15.4,2.6,1826,0.0187,14.7,Mesotrophe,22.4,27.8,6.9,6.9,Tremblay et al 2005,2003,ice free,
La Grande 1,1395,1979,-78.57,53.74,Boreal,70,10.78,40.34,96759,35,15.4,2.6,1826,0.0187,14.7,Mesotrophe,22.4,27.8,6.9,6.9,Tremblay et al 2014,2003,year,
La Grande 2,1394,1979,-77.45,53.79,Boreal,2835,13.53,1.95,94201,150,18.3,44,1793.4,0.9173,8.4,Oligotrophe,24.8,27.4,6.8,6.8,Tadonleke et al 2011,2002,ice free,
La Grande 2,1394,1979,-77.45,53.79,Boreal,2800,11.09,1.98,94201,150,22,43.9,1793.4,1.0892,8.1,Oligotrophe,24.8,27.4,6.8,6.8,Tremblay et al 2009,2006,ice free,
La Grande 2,1394,1979,-77.45,53.79,Boreal,2835,11.09,1.95,94201,150,22,44,1793.4,1.1028,8,Oligotrophe,24.8,27.4,6.8,6.8,Tremblay et al 2008,2003,year,
La Grande 2,1394,1979,-77.45,53.79,Boreal,2835,11.2,1.95,94201,150,21.8,44,1793.4,1.0928,8,Oligotrophe,24.8,27.4,6.8,6.8,Tremblay et al 2005,1997,ice free,
La Grande 2,1394,1979,-77.45,53.79,Boreal,2835,13.53,1.95,94201,150,18.3,44,1793.4,0.9173,8.4,Oligotrophe,24.8,27.4,6.8,6.8,Duchemin et al 1995,1993,ice free,
La Grande 2,1394,1979,-77.45,53.79,Boreal,2815,11.09,1.97,94201,150,22,44,1793.4,1.095,8,Oligotrophe,24.8,27.4,6.8,6.8,Harby et al 2012,1996,year,
La Grande 2,1394,1979,-77.45,53.79,Boreal,2815,11.15,1.97,94201,150,21.9,44,1793.4,1.09,8.1,Oligotrophe,24.8,27.4,6.8,6.8,Kelly et al 1994,1992,8,
La Grande 2,1394,1979,-77.45,53.79,Boreal,2815,11.09,1.97,94201,150,22,44,1793.4,1.095,8,Oligotrophe,24.8,27.4,6.8,6.8,Demarty et al 2009,2007,year,
La Grande 3,1396,1984,-75.96,53.73,Boreal,2420,10.41,2.35,62323,256,24.8,41.9,1273.4,1.4945,6.7,Oligotrophe,21.7,27.2,6.8,6.7,Tremblay et al 2008,2003,year,
La Grande 3,1396,1984,-75.96,53.73,Boreal,2420,10.41,2.35,62323,256,24.8,41.9,1273.4,1.4945,6.7,Oligotrophe,21.7,27.2,6.8,6.7,Tremblay et al 2005,2003,ice free,
La Grande 4,1999,1983,-73.46,53.89,Boreal,765,7.84,2.63,34657,128,28.8,33.5,731.6,0.9549,7.2,Oligotrophe,20.1,26.7,6.6,6.6,Tremblay et al 2005,2003,ice free,
La Grande 4,1999,1983,-73.46,53.89,Boreal,765,7.84,2.63,34657,128,28.8,33.5,731.6,0.9549,7.2,Oligotrophe,20.1,26.7,6.6,6.6,Tremblay et al 2008,2003,year,
Lac Ste. Anne Principal,2006,1950,-67.94,50.11,Boreal,208,3.22,3.25,8072,290,70,18.4,191.4,2.4116,4.2,Oligotrophe,19.6,26.8,7.8,7.8,Tremblay et al 2008,2003,year,
Lac Ste. Anne Principal,2006,1957,-67.94,50.11,Boreal,235,3.22,2.88,8072,290,70,19,191.4,2.7246,4,Oligotrophe,19.6,26.8,7.8,7.8,Tremblay et al 2005,2002,ice free,
Laforge 1,1998,1993,-72.55,54.18,Boreal,1074,14.45,1.04,6633,14,8.5,39,130.3,2.2208,5.5,Oligotrophe,20.8,26.7,6.4,6.4,Tadonleke et al 2011,2002,ice free,
Laforge 1,1998,1993,-72.55,54.18,Boreal,1288,26.17,0.86,6633,14,6.2,40.8,130.3,1.9426,5.7,Oligotrophe,20.8,26.7,6.4,6.4,Tremblay et al 2008,1998,year,
Laforge 1,1998,1993,-72.55,54.18,Boreal,960,15.26,1.16,6633,14,8.3,37.9,130.3,1.9384,5.7,Oligotrophe,20.8,26.7,6.4,6.4,Duchemin et al 1995,1993,ice free,0
Laforge 1,1998,1993,-72.55,54.18,Boreal,1288,26.17,0.86,6633,14,6.2,40.8,130.3,1.9426,5.7,Oligotrophe,20.8,26.7,6.4,6.4,Tremblay et al 2005,1997,ice free,
Laforge 2,1996,1984,-70.71,54.82,Boreal,260,27.23,2.55,3349,24,7.1,28.3,63.9,0.9167,9.2,Oligotrophe,19.1,22.6,6.3,6.3,Tremblay et al 2005,2003,ice free,
Laforge 2,1996,1984,-70.71,54.82,Boreal,260,27.23,2.55,3349,24,7.1,28.3,63.9,0.9167,9.2,Oligotrophe,19.1,22.6,6.3,6.3,Tremblay et al 2008,2003,year,
Lake Spaulding,162,1914,-120.64,39.33,Temperate,17.9,29.69,0.62,305,22.5,6.5,1.1,7.6,0.4835,7.9,Oligotrophe,17.6,61,11.6,11.5,Therrien et al 2005,2003,4,
Lisdorf,10060,1994,6.76,49.3,Temperate,0.1,,,4649,,,1.9,51.6,,,,10.2,55.4,11.8,11.7,Maeck et al 2013,2011,ice free,68.071
Little Nerang,10017,1962,153.29,-28.14,Temperate,0.5,7.78,9.56,36,37,18.9,3.2,0.8,0.3739,11.7,Mesotrophe,11.1,57.8,19.4,19.4,Musenze et al 2014,2011,year,
Little Nerang,10017,1962,153.29,-28.14,Temperate,0.5,7.78,9.75,36,37,18.9,3.1,0.8,0.3664,11.8,Mesotrophe,11.1,57.8,19.4,19.4,Hall et al 2009,2009,year,
Little pine,10018,1953,146.59,-42.01,Temperate,1,96.06,12.31,386,4,1.2,4,9.2,0.0041,8.8,Oligotrophe,17.3,68,7.1,7.1,Bastien and Demarty 2013,2006,3,
Little pine,10018,1953,146.59,-42.01,Temperate,1,96.06,12.31,386,4,1.2,4,9.2,0.0041,8.8,Oligotrophe,17.3,68,7.1,7.1,Bastien and Demarty 2013,2008,4,
Ljungan,10019,,14.63,62.49,Boreal,10.9,,4.3,95,,,9.7,,,,,15.7,31.1,8.1,8,Bergstrom et al 2004,2000,8,
Ljusnan-Voxnan,10020,,15.26,62.02,Boreal,3.4,,58.48,11188,,,6.5,88.9,,,,15.9,30.5,8.6,8.5,Bergstrom et al 2004,2000,8,
Lokka,3690,1967,27.73,67.82,Boreal,417,31.01,1.68,2134,10,4.9,28.3,17.7,3.6516,12.8,Mesotrophe,18.5,20.5,6.7,6.6,St-Louis et al 2000,1995,year,
Lokka,3690,1967,27.73,67.82,Boreal,417,31.01,1.68,2134,10,4.9,28.3,17.7,3.6516,12.8,Mesotrophe,18.5,20.5,6.7,6.6,Huttunen et al 2002,1994,ice free,62.579
Lower Charrette,10021,1930,-104.8,36.19,Subtropical,1.2,,2.37,15,14.9,,3.3,,,,,5.8,49.4,12.3,12.2,Therrien et al 2005,2003,4,
Lower Enterprise,10022,1920,-113.85,37.53,Subtropical,0.3,,6.74,90,,15.2,0.3,,,,,5,48.8,13.3,13.2,Therrien et al 2005,2003,4,
Lower Monumental,10066,1969,-118.54,46.56,Subtropical,26.7,,91.52,644289,,,5,1788.6,,,,5.1,69.6,15.2,15.1,Arntzen et al 2013,2012,ice free,
Lule,10023,,21.7,65.83,Boreal,3,,28.7,25449,,,6.3,465,,,,17.2,25.8,8.2,8.2,Bergstrom et al 2004,2000,8,
Lungern,10024,1920,8.15,46.79,Boreal,2,5.24,2.96,33,68,31,3.9,1.4,1.387,11.2,Mesotrophe,15.4,54.5,10.8,10.8,Diem et al 2008,2005,9,
Luzzone,3325,1963,8.97,46.57,Boreal,1,3.23,5.21,37,181,61.1,6.3,1.3,1.5104,10.8,Mesotrophe,17.9,39.6,7.3,7.3,Diem et al 2008,2005,8,
Lyman,627,1912,-109.38,34.37,Temperate,5.7,25.81,4.64,1693,17,6.7,3.8,,,,,4.1,62.3,14.1,14,Therrien et al 2005,2003,4,
MacAllister,10025,1960,-105.18,35.52,Subtropical,0.6,53.08,1.83,12,4.8,2.7,2.6,,,,,6.4,49.4,12.6,12.5,Therrien et al 2005,2003,4,
Mainskaya,10067,1984,91.5,52.97,Boreal,11.5,,59.69,485486,13,,4.7,2201.5,,,,22.7,34.2,11.3,11.2,Fedorov et al 2015,2014,8,
Manicouagan 2,2013,1965,-68.35,49.32,Boreal,124,24.49,5.8,46039,91,9.7,14.6,914.2,0.0417,12,Mesotrophe,18.5,28,8.4,8.3,Tremblay et al 2005,1999,ice free,
Manicouagan 2,2013,1965,-68.35,49.32,Boreal,114,24.49,6.31,46039,91,9.7,14.3,914.2,0.0384,12.1,Mesotrophe,18.5,28,8.4,8.3,Tremblay et al 2008,1999,year,
Manicouagan 3,2008,1971,-68.61,49.75,Boreal,236,4,3.56,33673,108,44.1,17.9,634.7,0.52,9.3,Oligotrophe,18.7,26.8,8.1,8.1,Tremblay et al 2008,1999,year,
Manicouagan 3,2008,1971,-68.61,49.75,Boreal,236,4,3.56,33673,108,44.1,17.9,634.7,0.52,9.3,Oligotrophe,18.7,26.8,8.1,8.1,Tremblay et al 2005,1999,ice free,
Manimuthar,10057,1957,77.42,8.65,Tropical,9.4,9.47,1.45,168,36,16.8,1.4,2.1,2.3657,78.2,Hyper-eutrophe,8.6,58.4,27.8,27.8,Panneer Selvam et al 2014,2011,3,0.331
Manso,2369,2000,-55.78,-14.87,Tropical,357,8.26,0.64,9332,40,19,6.5,77.2,2.7876,24.2,Mesotrophe,6.4,61,24.8,24.8,Roland et al 2010,2007,8,
Manso,2369,2000,-55.78,-14.87,Tropical,357,13.9,0.64,9332,67,15.7,6.5,77.2,2.3034,25.7,Mesotrophe,6.4,61,24.8,24.8,Ometto et al 2012,2005,year,
Manso,2369,2000,-55.78,-14.87,Tropical,357,13.9,0.64,9332,67,15.7,6.5,77.2,2.3034,25.7,Mesotrophe,6.4,61,24.8,24.8,Ometto et al 2012,2005,year,
Manso,2369,2000,-55.78,-14.87,Tropical,354,13.9,0.64,9332,67,15.7,6.5,77.2,2.2841,25.7,Mesotrophe,6.4,61,24.8,24.8,Matvienko et al,2004,year,
Manso,2369,2000,-55.78,-14.87,Tropical,354,13.9,0.64,9332,67,15.7,6.5,77.2,2.2841,25.7,Mesotrophe,6.4,61,24.8,24.8,Matvienko et al,2004,year,
Manso,2369,2000,-55.78,-14.87,Tropical,357,13.9,0.64,9332,67,15.7,6.5,77.2,2.3034,25.7,Mesotrophe,6.4,61,24.8,24.8,Sikar et al 2005,2004,3,
Mascarenhas de Moraes,2388,1957,-47.06,-20.28,Temperate,268.4,13.64,6.83,59314,72,16.2,18.8,965,0.1429,30.3,Eutrophe,7.1,61.2,21.6,21.6,Sikar et al 2009,2006,year,
Mascarenhas de Moraes,2388,1957,-47.06,-20.28,Temperate,250,12.63,7.33,59314,43,15,18.4,965,0.1232,30.9,Eutrophe,7.1,61.2,21.6,21.6,Roland et al 2010,2006,8,
Mascarenhas de Moraes,2388,1957,-47.06,-20.28,Temperate,249,12.76,7.36,59314,44,15,18.4,965,0.1227,30.9,Eutrophe,7.1,61.2,21.6,21.6,Ometto et al 2012,2005,year,
Mascarenhas de Moraes,2388,1957,-47.06,-20.28,Temperate,251.3,14.93,7.29,59314,72,15,18.5,965,0.1239,30.9,Eutrophe,7.1,61.2,21.6,21.6,Matvienko et al,2005,year,
Masinga,4499,1981,37.58,-0.88,Tropical,120,14.67,2.62,6943,47,13.8,70,56.1,0.9352,146.6,Hyper-eutrophe,5.8,67.9,21.9,21.9,Tamooh et al 2013,2008,year,
McArthur,717,1955,-95.99,50.4,Temperate,126,77.62,9.75,134887,255,2,10.1,866.2,0.0092,36.1,Eutrophe,22.7,34.9,11.1,11.1,Tremblay et al 2005,2002,7,
McArthur,717,1955,-95.99,50.4,Temperate,100,77.62,12.28,134887,255,2,9.6,866.2,0.0073,36.4,Eutrophe,22.7,34.9,11.1,11.1,Demarty et al 2011,2004,year,
McCormick,2014,1951,-68.33,49.2,Temperate,14.3,55.48,12.82,45801,37,3.5,8.3,911.3,0.0017,13.9,Mesotrophe,17.2,34.1,8.5,8.5,Tremblay et al 2008,2002,year,
McCormick,2014,1951,-68.33,49.2,Temperate,12,55.48,15.25,45801,37,3.5,8,911.3,0.0015,13.9,Mesotrophe,17.2,34.1,8.5,8.5,Tremblay et al 2005,1999,ice free,
Meadowbank,6697,1966,146.84,-42.61,Temperate,6,14.47,24.03,6995,43,13.6,3.7,103.8,0.0249,19.5,Mesotrophe,11.6,63.8,12.1,12.1,Bastien and Demarty 2013,2008,4,
Meadowbank,6697,1966,146.84,-42.61,Temperate,6,14.47,24.03,6995,43,13.6,3.7,103.8,0.0249,19.5,Mesotrophe,11.6,63.8,12.1,12.1,Bastien and Demarty 2013,2006,3,
Mercier,1423,1927,-75.98,46.72,Temperate,413,32.53,1.43,16160,29,6.3,14,270.9,0.3046,8.9,Oligotrophe,19.6,33,10.5,10.4,Tremblay et al 2005,2002,ice free,
Mettlach,10061,,6.58,49.49,Temperate,0.4,,,7141,,,3,75.3,,,,10.4,55.2,12,11.9,Maeck et al 2013,2011,ice free,28.458
Mica,250,1973,-118.57,52.08,Boreal,430,7.14,6.63,20963,243,34.9,17.4,595.2,0.7991,8.7,Oligotrophe,17,38.5,9.6,9.5,St-Louis et al 2000,1992,year,
Miena Rockfill,6686,1967,146.73,-41.98,Temperate,176,53.61,0.47,393,28,3.6,28,5.9,3.4157,,,18.6,68,7.1,7.1,Bastien and Demarty 2013,2008,4,
Miena Rockfill,6686,1967,146.73,-41.98,Temperate,176,53.61,0.47,393,28,3.6,28,5.9,3.4157,,,18.6,68,7.1,7.1,Bastien and Demarty 2013,2006,3,
Miena Rockfill,6686,1967,146.73,-41.98,Temperate,176,99.43,0.47,393,28,0.6,28,5.9,0.5693,,,18.6,68,7.1,7.1,Bastien and Demarty 2013,2006,3,
Millsite,526,1974,-111.19,39.1,Temperate,1.8,13.98,6.06,395,31,12.5,3.4,,,,,4.4,42.3,12.9,12.8,Therrien et al 2005,2003,4,
Miranda,2379,1998,-48.04,-18.91,Tropical,53.8,7.72,9.44,17975,79,25.7,16.3,336.2,0.1303,18.3,Mesotrophe,6.9,64,22.3,22.3,Rosa et al 2002,1995,year,17.7
Miranda,2379,1998,-48.04,-18.91,Tropical,51,7.72,9.96,17975,79,25.7,16.1,336.2,0.1236,18.4,Mesotrophe,6.9,64,22.3,22.3,Rosa et al 2004,1999,year,
Miranda,2379,1998,-48.04,-18.91,Tropical,51,7.72,9.96,17975,79,25.7,16.1,336.2,0.1236,18.4,Mesotrophe,6.9,64,22.3,22.3,Santos et al 2006,1998,year,18.5
Moose Lake 1,823,1925,-91.08,46.03,Temperate,7,67.58,5.72,537,6,2.3,0.7,6,0.0852,18.5,Mesotrophe,13.8,35.8,11.1,11,St-Louis et al 2000,1995,ice free,
Morphy,10026,1939,-105.4,35.94,Subtropical,0.1,,2.15,0,,5,2.1,,,,,8.2,44.5,10.4,10.3,Therrien et al 2005,2003,4,
Muehleberg,3308,1920,7.28,46.97,Temperate,2.5,13.57,27.1,3222,18,10,4.3,128,0.0062,47.9,Hyper-eutrophe,13.9,54.9,11.4,11.3,Delsontro et al 2010,2007,year,65.75
Muehleberg,3308,1920,7.28,46.97,Temperate,4,27.06,16.93,3222,20,6.8,4.8,128,0.0067,47.7,Hyper-eutrophe,13.9,54.9,11.4,11.3,Diem et al 2008,2005,ice free,108.505
Nam Leuk,5138,1999,102.95,18.44,Tropical,13,14.34,2.55,266,46.5,14,3.8,11.1,0.519,20.3,Mesotrophe,8.6,55.8,24.6,24.5,Chanudet et al 2011,2009,year,
Nam Leuk,5138,1999,102.95,18.44,Tropical,13,14.34,2.55,266,46.5,14,3.8,11.1,0.519,20.3,Mesotrophe,8.6,55.8,24.6,24.5,Harby et al 2012,2010,year,
Nam Ngum,5136,1971,102.55,18.53,Tropical,350,3.17,1.66,8275,19,16,7.2,395.6,0.4489,10.7,Mesotrophe,7.8,51.8,25.7,25.7,Harby et al 2012,2010,year,
Nam Ngum,5136,1971,102.55,18.53,Tropical,350,3.17,1.66,8275,19,16,7.2,395.6,0.4489,10.7,Mesotrophe,7.8,51.8,25.7,25.7,Chanudet et al 2011,2009,year,
Nam theun 2,10027,2009,104.96,17.98,Tropical,450.2,27.4,0.02,1312,39,7.8,8.7,70.9,1.5707,2.5,Oligotrophe,9.7,48.1,23.2,23.2,Deshmukh 2013 (Thesis),2009,year,62.38
Navajo,601,1963,-107.61,36.8,Temperate,60.7,9.45,5.97,8331,123,24.5,7.2,,,,,5.1,43.8,13.6,13.5,Therrien et al 2005,2003,4,
New Melones,198,1979,-120.52,37.95,Temperate,38,1.26,3.85,2347,172,100,6.2,47.8,2.5214,7.9,Mesotrophe,8.4,61.3,17.7,17.6,Soumis et al 2004,2001,9,
Oberaar,3330,1953,8.27,46.55,Boreal,1,3.83,5.03,19,90,41.8,100,0.8,1.6116,7.6,Oligotrophe,22.3,29.7,4.8,4.8,Diem et al 2008,2005,7,
Opinaca,1397,1980,-76.58,52.21,Boreal,947,22.44,1.78,41105,33,9,28.4,882.9,0.3061,8.7,Oligotrophe,23.7,27.2,7.4,7.4,Tremblay et al 2005,2003,ice free,
Oroville,148,1969,-121.48,39.54,Temperate,34,0.91,9.98,9305,212,129.4,6.3,174,0.802,9.5,Mesotrophe,11.3,58.4,18.1,18,Soumis et al 2004,2001,9,
Otter Creek,552,1915,-112.02,38.17,Temperate,10.2,20.64,4.11,982,11,6.4,5.8,,,,,4.5,42.6,12,11.9,Therrien et al 2005,2003,4,
Outaouais,10029,1962,-74.39,45.57,Temperate,14.5,,15.41,144406,90,,4.9,1934.1,,,,18.2,38.6,12.3,12.2,Tremblay et al 2005,2003,ice free,
Outardes 3,2010,1969,-68.8,49.57,Boreal,11,8.58,23.25,17524,80,23.9,7.9,344.8,0.0242,13.1,Mesotrophe,18,26.8,8.4,8.4,Tremblay et al 2005,1999,ice free,
Outardes 4,2009,1968,-68.91,49.71,Boreal,625,8.02,1.59,17298,122,28,23.1,339.6,1.6341,6.7,Oligotrophe,17.5,26.8,8.1,8,Tremblay et al 2005,1999,ice free,
Palar Porandala,5036,1978,77.48,10.37,Tropical,5.2,24.4,,,32,8.3,4.6,,,,,7.6,62.5,27.2,27.2,Panneer Selvam et al 2014,2011,2,36.463
Panama Canal Dam,1971,1910,-79.93,9.26,Tropical,430,13.4,0.85,3325,26.7,12.1,35,158.1,1.0436,17.9,Eutrophe,20.6,58.3,26.7,26.7,Barros et al 2001,2000,year,
Panama Canal Dam,1971,1910,-79.93,9.26,Tropical,430,13.4,0.85,3325,26.7,12.1,35,158.1,1.0436,17.9,Eutrophe,20.6,58.3,26.7,26.7,Keller and Stallard 1994,1988,ice free,134.442
Parapalar,10055,1985,77.68,10.43,Tropical,1.1,,4.05,75,,4.9,3.4,,,,,8,62.5,25.9,25.9,Panneer Selvam et al 2014,2011,2,5.324
Parker Canyon,10030,1926,-110.45,31.43,Subtropical,0.5,,5.5,25,,25,2.3,,,,,3.9,65.9,16.8,16.8,Therrien et al 2005,2003,4,
Patagonia,10031,1968,-110.87,31.49,Subtropical,1,,12.16,540,,,2.4,,,,,4.7,66.6,19,18.9,Therrien et al 2005,2003,4,
Pena Blanca,10032,1958,-111.09,31.41,Subtropical,0.2,,11.09,35,,20,1.5,,,,,4.2,66.6,18.8,18.7,Therrien et al 2005,2003,4,
Peribonka,2011,2008,-71.18,49.51,Boreal,19,6.05,11.69,14510,80,30.4,8.1,335.6,0.0546,10.3,Mesotrophe,18.2,31.1,9.1,9.1,Tremblay et al 2005,2008,ice free,
Peribonka,2011,2008,-71.18,49.51,Boreal,32,6.05,6.94,14510,80,30.4,9.2,335.6,0.0919,9.7,Oligotrophe,18.2,31.1,9.1,9.1,Tremblay et al 2008,2008,year,
Petit Saut,2360,1994,-53.05,5.06,Tropical,51.4,20.73,5.28,5839,33,9.6,47,279.6,0.056,3.8,Oligotrophe,10.4,67,25.8,25.8,Guérin and Abril 2007,2004,year,3.65
Petit Saut,2360,1994,-53.05,5.06,Tropical,51.4,20.73,5.28,5839,33,9.6,47,279.6,0.056,3.8,Oligotrophe,10.4,67,25.8,25.8,Demarty and Bastien 2011,2004,year,
Petit Saut,2360,1994,-53.05,5.06,Tropical,300,20.73,0.9,5839,33,9.6,47,279.6,0.3266,3,Oligotrophe,10.4,67,25.8,25.8,Galy-Lacaux et al 1997,1994,year,245.92
Petit Saut,2360,1994,-53.05,5.06,Tropical,300,20.73,0.9,5839,33,9.6,47,279.6,0.3266,3,Oligotrophe,10.4,67,25.8,25.8,Guerin et al 2006,2004,year,4.84
Petit Saut,2360,1994,-53.05,5.06,Tropical,300,20.73,0.9,5839,33,9.6,47,279.6,0.3266,3,Oligotrophe,10.4,67,25.8,25.8,Abril et al 2005,2003,year,8.4
Petit Saut,2360,1994,-53.05,5.06,Tropical,333,20.07,0.81,5839,35,10,47,279.6,0.3776,2.9,Oligotrophe,10.4,67,25.8,25.8,Cailleaud 2015 (Thesis),2013,year,6.104
Petit Saut,2360,1994,-53.05,5.06,Tropical,51.4,20.73,5.28,5839,33,9.6,47,279.6,0.056,3.8,Oligotrophe,10.4,67,25.8,25.8,Galy-Lacaux et al 1999,1995,year,26.21
Petit Saut,2360,1994,-53.05,5.06,Tropical,300,20.73,0.9,5839,33,9.6,47,279.6,0.3266,3,Oligotrophe,10.4,67,25.8,25.8,St-Louis et al 2000,1995,year,
Petit Saut,2360,1994,-53.05,5.06,Tropical,300,20.73,0.9,5839,33,9.6,47,279.6,0.3266,3,Oligotrophe,10.4,67,25.8,25.8,Harby et al 2012,2004,year,
Petit Saut,2360,1994,-53.05,5.06,Tropical,51.4,20.73,5.28,5839,33,9.6,47,279.6,0.056,3.8,Oligotrophe,10.4,67,25.8,25.8,Fearnside 2008,1995,year,310.688
Pine Falls,10033,1952,-96.18,50.57,Temperate,9,,60.56,136204,229,,5.7,869.8,,,,26.8,34.6,11.2,11.1,Tremblay et al 2005,2002,7,
Piute,547,1915,-112.19,38.32,Temperate,10.2,18.94,3.1,390,20,8.7,5.5,,,,,4.4,42.6,12.6,12.5,Therrien et al 2005,2003,4,
Plain Diversion Dam,2350,1925,-57.26,49.2,Temperate,508,37.12,2.94,4531,25,5.4,3.3,108.6,0.801,9.9,Oligotrophe,16.6,35.6,8.9,8.9,Tremblay et al 2005,2003,7,
Pleasant,10034,1927,-112.27,33.85,Subtropical,30,,4.36,3716,,21,4.3,,,,,2.8,63.8,23.8,23.7,Therrien et al 2005,2003,4,
Plimsoll,10035,1993,145.61,-41.9,Temperate,4.7,,1.23,33,,6.5,,1.4,0.687,2.8,Oligotrophe,21.4,65.4,9.5,9.4,Bastien and Demarty 2013,2008,4,
Plimsoll,10035,1993,145.61,-41.9,Temperate,3.8,,1.53,33,,6.5,,1.4,0.5547,3,Oligotrophe,21.4,65.4,9.5,9.4,Bastien et al 2009,2006,3,
Porttipahta,3688,1970,26.72,68.11,Boreal,214,33.45,2.93,2611,34.5,6.3,22.5,21,2.0396,15.1,Mesotrophe,18.8,20.6,6.7,6.7,St-Louis et al 2000,1995,year,
Porttipahta,3688,1970,26.72,68.11,Boreal,214,33.45,2.93,2611,34.5,6.3,22.5,21,2.0396,15.1,Mesotrophe,18.8,20.6,6.7,6.7,Huttunen et al 2002,1995,ice free,0.54
Priest Rapids,10065,1961,-119.91,46.64,Subtropical,31.3,,19.05,249505,,,5.2,3673.7,,,,6.2,71.8,16.1,15.9,Arntzen et al 2013,2012,ice free,
Quail Creek,587,1985,-113.38,37.19,Subtropical,2.4,9.26,2.91,162,58,20.5,2.6,,,,,2.8,59.8,20,19.9,Therrien et al 2005,2003,4,
Rehlingen,10062,1987,6.7,49.37,Temperate,0.2,,,5505,,,2.4,60.5,,,,9.7,55.4,12,12,Maeck et al 2013,2011,ice free,18.996
Revelstoke,257,1984,-118.19,51.05,Boreal,120,4.99,10.58,26348,175,44.2,10.9,772.2,0.2178,10.6,Mesotrophe,17.1,39.4,10.5,10.4,St-Louis et al 2000,1992,year,
Ribeirao da Prata,2548,1907,-43.88,-22.7,Tropical,3,13.52,22.35,301,50.8,15,8.6,6,0.2366,20.5,Mesotrophe,10.3,53.9,20.8,20.8,Santos et al 2006,,year,
Riviere des Prairies,2055,1929,-73.66,45.59,Temperate,8.5,13.4,,932469,12,8,4.2,9099.7,0.0002,74.5,Hyper-eutrophe,18.7,38.6,12.7,12.6,Demarty et al 2009,,year,
Riviere des Prairies,2055,1929,-73.66,45.59,Temperate,8.5,43.75,,932469,12,4,4.2,9099.7,0.0001,74.8,Hyper-eutrophe,18.7,38.6,12.7,12.6,Tremblay et al 2008,,year,
Riviere des Prairies,2055,1929,-73.66,45.59,Temperate,8.5,43.75,,932469,12,4,4.2,9099.7,0.0001,74.8,Hyper-eutrophe,18.7,38.6,12.7,12.6,Tremblay et al 2009,2003,year,
Robert,10036,1963,-108.16,33.03,Temperate,0.3,,14.26,203,,,2.1,,,,,6.5,62.4,14.1,14,Therrien et al 2005,2003,4,
Robertson,10037,1994,-59.1,51.01,Boreal,73,,1.97,1156,,,3,36,,,,19.5,26,7.4,7.4,Tremblay et al 2005,2002,ice free,
Rocky Ford,550,1914,-112.83,38.22,Temperate,4,14.63,6.4,1355,13.4,8.3,3.8,,,,,4.9,48.4,13.5,13.4,Therrien et al 2005,2005,4,
Romaine-2,10053,2014,-63.22,50.68,Boreal,88.7,4.13,4.92,13064,109,43.4,17.3,246.6,0.4952,8.3,Oligotrophe,16.3,26.4,7.4,7.3,Del Giorgio Pers. comm. 2015,2015,ice free,
Rossens,3313,1947,7.11,46.72,Temperate,10,10.09,4.12,957,75,20.8,5.7,28,0.2355,27.6,Eutrophe,12.7,54.9,10.6,10.6,Diem et al 2008,2005,ice free,
Rzeszow,10038,1973,22,50.02,Temperate,1.2,99.95,6.53,1794,6,0.5,0.5,21.2,0.0009,180.5,Hyper-eutrophe,9.3,39.7,11.7,11.6,Gruca-Rokosz et al 2010,2009,ice free,
Saarbrucken,10063,1999,7.01,49.22,Temperate,0,,,,,,1.7,,,,,10.1,55.4,11.8,11.7,Maeck et al 2013,2011,ice free,
Sainte-Marguerite 2,10039,1951,-66.66,50.22,Boreal,19.5,,14.48,6236,34,,8.8,171.1,,,,18,26.9,8.5,8.4,Tremblay et al 2005,2002,ice free,
Sainte-Marguerite 3,10040,1998,-66.78,50.84,Boreal,246,4.26,2.95,4797,144.8,47,19.6,132.7,2.7634,4.2,Oligotrophe,17.8,26.3,7.5,7.5,Tadonleke et al 2011,2002,ice free,
Sainte-Marguerite 3,10040,1998,-66.78,50.84,Boreal,253,4.26,2.87,4797,144.8,47,19.8,132.7,2.842,4.1,Oligotrophe,17.8,26.3,7.5,7.5,Tremblay et al 2005,2002,ice free,
Sainte-Marguerite 3,10040,1998,-66.78,50.84,Boreal,262,4.26,2.77,4797,144.8,47,20,132.7,2.9431,4.1,Oligotrophe,17.8,26.3,7.5,7.5,Tremblay et al 2008,2002,year,
Samuel,2304,1989,-63.47,-8.74,Tropical,452.4,23.58,2.73,17443,38,8.9,38,866.3,0.1474,5.9,Oligotrophe,7.2,57.6,26,26,Demarty and Bastien 2011,2000,year,
Samuel,2304,1989,-63.47,-8.74,Tropical,559,23.58,2.21,17443,38,8.9,38,866.3,0.1821,5.7,Oligotrophe,7.2,57.6,26,26,Guerin et al 2006,2004,11,2.143
Samuel,2304,1989,-63.47,-8.74,Tropical,452.4,23.58,2.73,17443,38,8.9,38,866.3,0.1474,5.9,Oligotrophe,7.2,57.6,26,26,Yang et al 2014,1994,year,
Samuel,2304,1989,-63.47,-8.74,Tropical,452.4,23.58,2.73,17443,38,8.9,38,866.3,0.1474,5.9,Oligotrophe,7.2,57.6,26,26,Rosa et al 2002,1995,year,12.34
Samuel,2304,1989,-63.47,-8.74,Tropical,559,23.58,2.21,17443,38,8.9,38,866.3,0.1821,5.7,Oligotrophe,7.2,57.6,26,26,Rosa et al 2004,1999,year,
Samuel,2304,1989,-63.47,-8.74,Tropical,559,23.58,2.21,17443,38,8.9,38,866.3,0.1821,5.7,Oligotrophe,7.2,57.6,26,26,Lima 2005,2000,ice free,
Samuel,2304,1989,-63.47,-8.74,Tropical,271,23.58,4.55,17443,38,8.9,38,866.3,0.0883,6.3,Oligotrophe,7.2,57.6,26,26,Hallqvist 2012,2008,2,
Samuel,2304,1989,-63.47,-8.74,Tropical,559,23.58,2.21,17443,38,8.9,38,866.3,0.1821,5.7,Oligotrophe,7.2,57.6,26,26,Santos et al 2006,1998,year,13.6
Santa Maria,560,1968,-47.96,-15.67,Boreal,1,1.76,22.72,146,86,57.3,,3,0.6132,75.8,Hyper-eutrophe,11.2,64.1,21.5,21.5,Diem et al 2008,2005,ice free,
Sayano-Shushenskaya,5057,1978,91.37,52.83,Boreal,608,1.34,12.26,484964,220,110.8,13.2,,,,,19,34.1,10.8,10.7,Fedorov et al 2015,2014,8,
Schrah,3303,1936,8.91,47.11,Temperate,11,19.86,0.55,40,23,8.9,6.9,1.1,2.7648,8.9,Mesotrophe,18.1,44.6,10,9.9,Diem et al 2008,2005,ice free,
Scrivener,6616,1990,149.08,-35.3,Temperate,52.4,8.68,1.13,1871,33,16.9,1.3,,,,,7.4,57.6,14.7,14.6,Bastien and Demarty 2013,2008,4,
Scrivener,6616,1990,149.08,-35.3,Temperate,52.4,8.68,1.13,1871,33,16.9,1.3,,,,,7.4,57.6,14.7,14.6,Bastien and Demarty 2013,2006,3,
Segredo,2439,1992,-52.12,-25.79,Temperate,73.5,3.93,12.44,34300,140,49.1,10.7,634.9,0.1801,50.4,Hyper-eutrophe,11.3,56.2,18.7,18.7,Rosa et al 2002,1995,year,1.54
Segredo,2439,1992,-52.12,-25.79,Temperate,82,5.94,11.15,34300,140,36.6,11,634.9,0.1499,51.8,Hyper-eutrophe,11.3,56.2,18.7,18.7,Rosa et al 2004,1999,year,1.508
Segredo,2439,1992,-52.12,-25.79,Temperate,82,5.94,11.15,34300,140,36.6,11,634.9,0.1499,51.8,Hyper-eutrophe,11.3,56.2,18.7,18.7,Santos et al 2006,1998,year,
Serpentine,5827,1971,116.11,-32.4,Temperate,241,0.63,0.14,664,12.9,12.6,2.3,4.4,21.8526,7.2,Oligotrophe,8,62.2,17.9,17.8,Bastien and Demarty 2013,2008,4,
Serpentine,5827,1971,116.11,-32.4,Temperate,241,0.63,0.14,664,12.9,12.6,2.3,4.4,21.8526,7.2,Oligotrophe,8,62.2,17.9,17.8,Bastien and Demarty 2013,2006,3,
Serra da Mesa,2368,1998,-48.3,-13.84,Tropical,891,3.12,2.42,51201,154,59,154,715.7,2.329,15.3,Mesotrophe,6.5,65,25.5,25.5,Sikar et al 2009,2004,year,
Serra da Mesa,2368,1998,-48.3,-13.84,Tropical,891,3.12,2.42,51201,154,59,154,715.7,2.329,15.3,Mesotrophe,6.5,65,25.5,25.5,Demarty and Bastien 2011,1999,year,
Serra da Mesa,2368,1998,-48.3,-13.84,Tropical,891,3.12,2.42,51201,154,59,154,715.7,2.329,15.3,Mesotrophe,6.5,65,25.5,25.5,Rosa et al 2002,1995,year,66.49
Serra da Mesa,2368,1998,-48.3,-13.84,Tropical,1784,7.66,1.21,51201,154,30.5,154,715.7,2.4107,15.1,Mesotrophe,6.5,65,25.5,25.5,St-Louis et al 2000,1999,year,
Serra da Mesa,2368,1998,-48.3,-13.84,Tropical,869,8.8,2.48,51201,154,27.1,154,715.7,1.0434,19.1,Mesotrophe,6.5,65,25.5,25.5,Ometto et al 2012,2005,year,
Serra da Mesa,2368,1998,-48.3,-13.84,Tropical,1784,7.66,1.21,51201,154,30.5,154,715.7,2.4107,15.1,Mesotrophe,6.5,65,25.5,25.5,Santos et al 2006,1998,year,66.3
Serra da Mesa,2368,1998,-48.3,-13.84,Tropical,898.3,7.66,2.4,51201,154,30.5,154,715.7,1.2139,18.4,Mesotrophe,6.5,65,25.5,25.5,Matvienko et al,2004,year,
Serra da Mesa,2368,1998,-48.3,-13.84,Tropical,948,7.66,2.28,51201,154,30.5,154,715.7,1.281,18.1,Mesotrophe,6.5,65,25.5,25.5,Sikar et al 2005,2004,3,
Serrig,10064,1986,6.59,49.57,Temperate,0.4,,,7200,11,,3,75.9,,,,12.4,52.5,11.8,11.7,Maeck et al 2013,2011,ice free,260.072
Seven Mile,287,1979,-117.5,49.03,Boreal,4,8.44,78.99,67133,80,24.2,4,756.4,0.0041,40.2,Eutrophe,11.5,49.5,11.9,11.8,Tremblay et al 2005,2002,7,
Seven Sisters,720,1931,-96.02,50.12,Temperate,21,5.35,9.73,127802,22,16,7.1,833.6,0.0128,34.7,Eutrophe,24.5,34.9,11.1,11,Tremblay et al 2005,2002,7,
Shasta,132,1944,-122.42,40.72,Temperate,77,2.08,8.65,19180,158,75.3,1,168,1.0944,24,Mesotrophe,12.9,84.1,18.8,18.7,Soumis et al 2004,2001,9,
Siemianowka,10041,1970,23.76,52.94,Temperate,31.1,65.7,2.14,643,10,2.5,7.5,,,,,13.9,39.3,11.1,11,Trojanowska & Kurasiewicz 2009,2009,year,528.51
Skellefte,10042,1900,20.7,64.5,Boreal,17,,2.15,178,,,10.1,,,,,16.4,30.5,8.4,8.3,Bergstrom et al 2004,2000,8,
Skinnmuddselet,10043,1989,18.43,63.99,Boreal,27,28.65,9.69,1771,20,6.5,12.4,13.6,0.41,24.6,Mesotrophe,17.4,26.1,7.8,7.8,Aberg et al 2004,2001,ice free,
Slave Falls,10044,1948,-95.57,50.23,Temperate,7,,24.42,125095,25,,5,817.9,,,,21,34.9,11.1,11,Tremblay et al 2005,2002,7,
Solina,3780,1968,22.45,49.4,Temperate,16.1,8.48,4.71,1182,60,22,1.1,18.9,0.5935,15.3,Mesotrophe,13.8,39.5,10.5,10.5,Gruca-Rokosz et al 2010,2009,ice free,
Spitallamm,3323,1932,8.33,46.57,Boreal,3,5.03,5.96,99,100,37.1,114,4.2,0.8353,8.4,Oligotrophe,20.3,29.7,5.9,5.8,Diem et al 2008,2005,7,
Stave Falls,37,1911,-122.36,49.23,Temperate,44,100,2.6,940,26,0.3,7.6,31.3,0.0134,12.3,Mesotrophe,20.7,62.2,11.5,11.5,Tremblay et al 2005,2002,7,
Sulejow,3745,1974,20,51.47,Temperate,17.1,49.46,9.8,5027,11,3.5,0.9,,,,,11.8,39.7,11.7,11.7,Trojanowska & Kurasiewicz 2009,2009,year,34.38
Theodore Roosevelt,647,1911,-111.16,33.68,Subtropical,87,9.68,3.45,14996,109,23.4,5.5,,,,,4.6,62.5,23.3,23.1,Therrien et al 2005,2003,4,
Thirparappu,10056,1951,77.25,8.4,Tropical,0.2,,41.77,233,,,0.7,1.1,,,,6.9,59,27.3,27.3,Panneer Selvam et al 2014,2011,3,91.822
Three Gorges Dam,5410,2008,111,30.83,Temperate,1084,2.51,22.13,989323,170,70,6.9,13551.7,0.1776,82.1,Hyper-eutrophe,7.3,40.9,21.6,21.5,Chen et al 2011,2009,year,
Three Gorges Dam,5410,2008,111,30.83,Temperate,1084,2.51,22.13,989323,170,70,6.9,13551.7,0.1776,82.1,Hyper-eutrophe,7.3,40.9,21.6,21.5,Zhao et al 2013,2010,year,
Three Gorges Dam,5410,2008,111,30.83,Temperate,830.8,4.72,28.87,989323,175,46.1,6.4,13551.7,0.0896,89.8,Hyper-eutrophe,7.3,40.9,21.6,21.5,Xiao et 2013,2010,year,
Tigercat Lake,10045,1934,-91.24,46.04,Temperate,3,61.82,0.78,4,9,2.7,0.6,0,7.2921,8.1,Oligotrophe,12.8,35.8,11.2,11.1,St-Louis et al 2000,1995,ice free,
Totagatic,819,1935,-91.51,46.1,Temperate,25,53.17,1.02,129,7.3,3,7.2,1.3,1.8968,11.5,Mesotrophe,12.7,41.4,11.6,11.5,St-Louis et al 2000,1995,ice free,
Tres Marias,2375,1969,-45.27,-18.21,Tropical,781.7,7.28,2.15,50886,75,26.3,26.4,648.8,1.0048,28.5,Eutrophe,6.2,63.3,23.5,23.5,Demarty and Bastien 2011,2005,year,
Tres Marias,2375,1969,-45.27,-18.21,Tropical,781.7,7.28,2.15,50886,75,26.3,26.4,648.8,1.0048,28.5,Eutrophe,6.2,63.3,23.5,23.5,Rosa et al 2002,1995,year,123.3
Tres Marias,2375,1969,-45.27,-18.21,Tropical,1040,10.48,1.61,50886,75,20.2,28.4,648.8,1.0267,28.4,Eutrophe,6.2,63.3,23.5,23.5,Rosa et al 2004,1999,year,
Tres Marias,2375,1969,-45.27,-18.21,Tropical,1040,10.48,1.61,50886,75,20.2,28.4,648.8,1.0267,28.4,Eutrophe,6.2,63.3,23.5,23.5,Santos et al 2006,1998,year,55.9
Tres Marias,2375,1969,-45.27,-18.21,Tropical,1050,13.19,1.6,50886,75,16.8,28.4,648.8,0.8621,29.6,Eutrophe,6.2,63.3,23.5,23.5,Hallqvist 2012,2008,2,
Tucurui,2365,1984,-49.65,-3.83,Tropical,2430,11.27,2.65,759739,72,18.9,86,11676.5,0.1247,22.9,Mesotrophe,5.9,60.3,27.2,27.2,Fearnside 2000,1990,year,
Tucurui,2365,1984,-49.65,-3.83,Tropical,2430,11.27,2.65,759739,72,18.9,86,11676.5,0.1247,22.9,Mesotrophe,5.9,60.3,27.2,27.2,Demarty and Bastien 2011,1998,year,
Tucurui,2365,1984,-49.65,-3.83,Tropical,2430,11.27,2.65,759739,72,18.9,86,11676.5,0.1247,22.9,Mesotrophe,5.9,60.3,27.2,27.2,Rosa et al 2002,1995,year,5.81
Tucurui,2365,1984,-49.65,-3.83,Tropical,2430,11.27,2.65,759739,72,18.9,86,11676.5,0.1247,22.9,Mesotrophe,5.9,60.3,27.2,27.2,Fearnside 1997,1990,year,
Tucurui,2365,1984,-49.65,-3.83,Tropical,2430,11.27,2.65,759739,72,18.9,86,11676.5,0.1247,22.9,Mesotrophe,5.9,60.3,27.2,27.2,St-Louis et al 2000,1997,year,
Tucurui,2365,1984,-49.65,-3.83,Tropical,2430,11.27,2.65,759739,72,18.9,86,11676.5,0.1247,22.9,Mesotrophe,5.9,60.3,27.2,27.2,Harby et al 2012,2004,year,
Tucurui,2365,1984,-49.65,-3.83,Tropical,2430,11.27,2.65,759739,72,18.9,86,11676.5,0.1247,22.9,Mesotrophe,5.9,60.3,27.2,27.2,Lima 2005,2000,ice free,
Tucurui,2365,1984,-49.65,-3.83,Tropical,2430,11.27,2.65,759739,72,18.9,86,11676.5,0.1247,22.9,Mesotrophe,5.9,60.3,27.2,27.2,Santos et al 2006,1998,year,2.5
Tucurui,2365,1984,-49.65,-3.83,Tropical,2430,11.27,2.65,759739,72,18.9,86,11676.5,0.1247,22.9,Mesotrophe,5.9,60.3,27.2,27.2,Rosa et al 2004,1989,3,78.374
Turawa,10046,1948,18.09,50.73,Temperate,21.6,45.07,3.25,1478,13.7,4,7.8,12.2,0.2249,169.8,Hyper-eutrophe,11.6,43.9,11.6,11.5,Trojanowska & Kurasiewicz 2009,2009,year,31.5
Ume,10047,,20.1,63.84,Boreal,0.2,,24.82,121,,,0.4,0.8,,,,16.1,31.3,8.7,8.6,Bergstrom et al 2004,2000,8,
Upper Charrette,10048,1930,-104.82,36.18,Subtropical,0.5,,1.93,3,,1.7,2.6,,,,,5.9,49.4,12.2,12.2,Therrien et al 2005,2003,4,
Upper Enterprise,569,1912,-113.86,37.52,Subtropical,1.1,10.77,3.72,51,18.4,11.2,0.4,,,,,4.7,48.8,13.3,13.2,Therrien et al 2005,2003,4,
Upper Lake Mary,617,1940,-111.53,35.08,Subtropical,2.4,2.16,11.65,173,13,12,3.9,,,,,8.1,51.3,11.8,11.8,Therrien et al 2005,2003,4,
Ute Dam,1073,1963,-103.45,35.35,Subtropical,28.6,12.53,13.78,28877,23,11.8,0.7,,,,,3.4,60.9,18.4,18.3,Therrien et al 2005,2003,4,
Vettaru,10058,,79.05,10.82,Tropical,2.6,,,,,,2.2,,,,,6.2,61.7,29.1,29.1,Panneer Selvam et al 2014,2011,3,38.743
W.A.C. Bennett,6,1969,-122.2,56.02,Boreal,5099,5.83,1.34,72058,183,39.5,36.2,1003.1,6.3668,7.1,Oligotrophe,14,35.1,8.4,8.3,Tremblay et al 2005,2002,7,
W.A.C. Bennett,6,1979,-122.2,56.02,Boreal,5099,5.35,1.34,72058,183,42.3,36.2,1003.1,6.8181,6.9,Oligotrophe,14,35.1,8.4,8.3,Tremblay et al 2005,2002,7,
W.A.C. Bennett,6,1961,-122.2,56.02,Boreal,5099,5.35,1.34,72058,183,42.3,36.2,1003.1,6.8181,6.9,Oligotrophe,14,35.1,8.4,8.3,Tremblay et al 2005,2002,7,
Wahleach,36,1952,-121.61,49.25,Temperate,5,11.94,2.02,60,29,13.4,5.2,2,1.0434,12.1,Mesotrophe,21.7,51.9,9.8,9.7,Tremblay et al 2005,2002,7,
Wallace,1883,1920,-83.16,33.36,Temperate,77.1,19.45,3.64,4717,37,10.4,4.4,58.3,0.4362,,,7.1,52.6,19.7,19.6,Therrien et al 2005,2003,4,
Wallula,10049,1954,119.29,45.93,Subtropical,157,15.53,11.6,555415,24,10.6,8.5,5505.1,0.0096,54.6,Eutrophe,6.5,74.6,15.5,15.4,Soumis et al 2004,2001,9,
Waneta,289,1992,-117.61,49.01,Temperate,3.2,11.53,74.96,67245,76,18.8,3.7,759,0.0025,40.6,Eutrophe,11.7,48.4,12.2,12.1,Tremblay et al 2005,2002,7,
Wanship,456,1957,-111.4,40.79,Temperate,4.8,8.84,6,2289,45.7,19.3,0.7,15.1,0.1957,53.9,Eutrophe,8.4,57.6,11.1,11,Therrien et al 2005,2003,4,
Watts Bar,1797,1942,-84.78,35.63,Temperate,179,26.3,5.19,44836,34,7.9,5.9,858.5,0.0522,44.3,Eutrophe,7.7,47.8,17.3,17.2,Bevelhimer et al 2016,2012,9,0.215
Wayatinah,10050,1956,146.52,-42.39,Temperate,2,,10.7,2101,,6.4,8.2,46,0.0088,10,Mesotrophe,14.5,67.3,11.2,11.1,Bastien and Demarty 2013,2006,3,
Wayatinah,10050,1956,146.52,-42.39,Temperate,3.3,,6.49,2101,,6.4,9.3,46,0.0145,9.8,Oligotrophe,14.5,67.3,11.2,11.1,Bastien and Demarty 2013,2008,4,
West Salmon Dam,2355,1983,-56.24,48.18,Temperate,20,88.45,2.01,265,21,1.4,1.8,7.3,0.1217,12,Mesotrophe,16.5,35,8.4,8.3,Tremblay et al 2005,2003,7,
Whatshan,273,1951,-118.12,49.92,Boreal,15,18.01,3.43,386,12,7.1,6.5,13.7,0.247,4.9,Oligotrophe,13.8,46.7,10.5,10.5,St-Louis et al 2000,1991,year,
Whatshan,273,1951,-118.12,49.92,Boreal,15,18.01,3.43,386,12,7.1,6.5,13.7,0.247,4.9,Oligotrophe,13.8,46.7,10.5,10.5,Tremblay et al 2005,2002,7,
Whitedog Falls,718,1911,-95.54,50.3,Temperate,148.4,97.92,13.8,124582,24,0.8,10.3,817.9,0.0046,35.9,Eutrophe,18.5,34.3,11,10.9,Tremblay et al 2005,2002,7,
Wilcza Wola,10051,1988,21.93,50.34,Temperate,1.6,67.06,6.05,268,30,2.6,0.5,1.9,0.0687,160.2,Hyper-eutrophe,12.7,39.7,11.7,11.7,Gruca-Rokosz et al 2010,2009,ice free,
Wivenhoe,6720,1984,152.6,-27.39,Temperate,109.4,14.07,2.81,7053,21.1,10.6,9.6,,,,,6.8,66.5,20.7,20.7,Hall et al 2009,2009,year,
Wivenhoe,6720,1984,152.6,-27.39,Temperate,109.4,14.07,2.81,7053,21.1,10.6,9.6,,,,,6.8,66.5,20.7,20.7,Musenze et al 2014,2011,year,
Wloclawek,3742,1970,19.13,52.66,Temperate,10.4,31.98,,169918,15,5.5,5.5,,,,,10.8,38.9,12.2,12.1,Trojanowska & Kurasiewicz 2009,2009,year,309.75
Xinan Jiang,5486,1959,119.21,29.49,Temperate,567,6.14,1.44,10401,117,34,8.2,235,2.601,20.2,Eutrophe,8.5,43.4,20.6,20.5,Wang et al 2014,2010,year,
Xingo,2517,1994,-37.82,-9.61,Subtropical,60,2.43,33.77,490817,150,67.7,1.8,,,,,5,66.6,26,25.9,Rosa et al 2002,1995,year,8
Xingo,2517,1994,-37.82,-9.61,Subtropical,60,2.43,33.77,490817,130,63.3,1.8,,,,,5,66.6,26,25.9,Rosa et al 2004,1998,year,1.388
Xingo,2517,1994,-37.82,-9.61,Subtropical,60,2.43,33.77,490817,130,63.3,1.8,,,,,5,66.6,26,25.9,Santos et al 2006,1998,year,19.6
Xingo,2517,1994,-37.82,-9.61,Subtropical,60,2.43,33.77,490817,130,63.3,1.8,,,,,5,66.6,26,25.9,Harby et al 2012,2004,year,
Xiumen,10052,1960,106.55,26.8,Temperate,1.4,,38.76,1990,,,1.5,48.3,,,,8.3,36.4,18.1,18,Wang et al 2011,2007,year,
Zeuzier,3354,1957,7.43,46.35,Boreal,1,2.85,2.84,17,140,60,10.6,0.4,4.9662,16.7,Mesotrophe,18.6,36.3,6.4,6.4,Diem et al 2008,2003,9,